{"cameraMode":{"drawMode":0,"name":"Shaded","section":"Shading Mode"},"sceneLighting":true,"audioPlay":false,"sceneViewState":{"m_AlwaysRefresh":false,"showFog":true,"showSkybox":true,"showFlares":true,"showImageEffects":true,"showParticleSystems":true,"showVisualEffectGraphs":true,"m_FxEnabled":true},"in2DMode":false,"pivot":{"x":-21.889450073242189,"y":-19.548349380493165,"z":20.378271102905275},"rotation":{"x":0.23789718747138978,"y":-0.40924394130706789,"z":0.11141335219144821,"w":0.8738054037094116},"size":25.333812713623048,"orthographic":false}